sepal_length,sepal_width,petal_length,petal_width,species
6.048357076505616,3.0751478551037628,2.4565074836168916,1.0686604513634141,virginica
5.730867849414407,3.1039344628490926,2.8597284397045457,1.5775711602506193,setosa
6.1238442690503465,2.795992583526453,4.820940407684893,0.6071369768322282,versicolor
6.561514928204012,3.069676109148301,4.615555398150198,1.3520232577589222,virginica
5.682923312638332,3.0879217419896046,3.668647609053778,0.8348711908137797,virginica
5.6829315215254095,2.78569457459209,3.875991074963173,0.703563583868828,virginica
6.5896064077536955,3.559732353343427,5.616497343682638,1.0464848200227213,virginica
6.183717364576454,3.1421498762735363,2.812642916746255,0.582378838790313,versicolor
5.565262807032524,2.6426089508392057,4.520646071755057,0.8231753473264091,virginica
6.071280021792982,3.1969660825901487,3.396711021349159,0.5010610537055759,virginica
5.568291153593769,2.7075954989318034,3.3734781951591697,2.082362566458195,setosa
5.567135123214872,3.2361253811227355,5.348165277980785,1.1176317759858645,virginica
5.920981135783017,3.347578673702221,4.9381245234820454,0.7501372460037072,versicolor
4.843359877671101,2.7537953044944867,4.920264454000958,1.206989955367111,versicolor
4.937541083743484,3.2890128387732966,5.658218210731494,1.0438359751545851,versicolor
5.518856235379514,3.1238342780809494,3.731505762449139,0.9895152002333886,versicolor
5.293584439832788,3.246618047998347,4.722929456942446,1.4070833500217126,virginica
5.957123666297637,3.569037894796184,3.234599865109816,1.4787538550236525,virginica
5.345987962239394,2.926383565199139,4.186249528732663,0.8347494261947364,versicolor
5.093848149332354,2.7738791506927534,3.5047854184484732,0.81209087967766,versicolor
6.532824384460777,2.733145671112343,3.8454939474890777,0.9624741514241781,virginica
5.687111849756732,2.7552569145103685,4.59273553815537,-0.05096058236779233,versicolor
5.833764102343962,2.976869487175769,2.4726689751497917,0.34240446890072396,setosa
5.087625906893272,3.102345592444993,6.83858091352819,1.7834371337222623,versicolor
5.527808637737408,3.083007239799006,2.190973927750447,1.922483856750642,versicolor
5.8554612948549325,3.248154974710807,1.878717080818402,0.9754819802218109,setosa
5.224503211288848,3.003900567563372,5.437166310250102,1.3882784815278832,setosa
5.987849009172836,3.4360602231471953,4.887494040944404,1.255625077271768,virginica
5.499680655040597,2.9206029500286133,4.636179725578232,2.639440404227619,virginica
5.654153125103361,3.8160507499768856,4.64251826389642,1.6597874557172885,setosa
5.499146693885302,3.1877002043295017,3.681629840729628,1.0360412042596168,setosa
6.726139092254469,2.7428527330751153,2.354118442771253,0.6222297796997872,virginica
5.793251387631033,2.678732250581666,3.8137068372905896,0.29677683987121384,versicolor
5.271144535522049,3.1447417245729556,2.6842574327318327,1.2017318179336116,setosa
6.211272456051594,2.932961164402245,5.162679600126626,0.7218246273578484,virginica
5.189578175014489,3.2142001482276275,3.4794139277467924,0.388873145201163,versicolor
5.904431797502378,3.1419712873720633,2.461754204811233,0.7767135578787367,setosa
4.820164938060112,2.978151326202938,3.21792123752051,0.5592259981928026,versicolor
5.1359069755507845,2.7459618845794784,4.319397181413437,1.9435708175362825,virginica
5.898430617934562,2.5455458325942404,2.854413170794038,1.5408198784747253,setosa
6.169233289997705,2.8660455143798935,2.466669406650353,1.0960136793416915,versicolor
5.885684140594985,3.256919638297042,4.065530817237868,1.839972069445013,setosa
5.742175858805879,3.064228123239061,4.067449856663084,1.1386841538238093,versicolor
5.6494481522053555,2.6262783663864036,2.9395852369433055,0.6693578993358682,virginica
5.060739004816286,3.0519542777553545,2.993442541572516,1.8615620386348288,virginica
5.440077895802646,3.115595213918651,4.0480749060364545,1.3694550218423294,setosa
5.569680614520106,2.73484276913966,1.527873487754014,0.5813769228367719,versicolor
6.3285611131094575,3.046117531783658,1.5888043384351676,1.004830660958196,setosa
5.97180914478423,3.0174626155338,2.622333668121346,0.6621908733076215,setosa
4.918479922318633,2.657108910650813,3.379829272432229,0.40860013451783206,versicolor
5.9620419846973975,3.107336208104485,4.1663613483970074,1.5630887737658208,versicolor
5.6074588597918416,3.1682353579104703,5.913034325424328,2.0547083202350653,versicolor
5.46153899984702,3.3249153729525833,4.98648943480303,0.4007162130904295,virginica
6.105838144420434,3.316140615610471,3.4600922050548597,1.3814846183452856,setosa
6.315499761247976,2.586699189612873,3.671475688145967,0.7746787154390866,setosa
6.265640059558099,2.718652488025463,2.196205953043287,0.8564373081176521,virginica
5.380391238388681,3.154510580162598,3.6722302960114153,0.8038030378805655,versicolor
5.645393812074393,3.1541357852736627,3.2670120416197928,0.668004615160092,virginica
5.9656317157017815,3.1545143058918144,4.184077840507134,1.1242608139724135,virginica
6.287772563561179,4.155819447196416,2.459153584671516,0.6845249417944812,virginica
5.5604128810773545,3.17126715320795,4.4790197713617586,1.2352284128899196,setosa
5.7071705116680915,3.34066969205418,5.999108369503867,1.0748809452754315,virginica
5.246832512996986,3.2862005290479606,3.5368597773147137,0.9805259765667952,setosa
5.201896687959664,3.1954173753917394,4.302567583148412,0.6462181689792011,setosa
6.206262911197099,2.905419226607896,4.735215987566669,0.8116143347158338,setosa
6.478120014285412,3.22769076614798,3.098169292171246,1.477695612912878,versicolor
5.763994939209833,2.7681524356387284,4.036138722715625,1.3504585938121905,setosa
6.301766448946012,2.928954417977997,3.7188886011726923,0.6112223776007246,setosa
5.980818012523817,2.854390935651269,3.846514147823248,1.149666152714613,versicolor
5.477440122697438,3.0245622418158966,2.5404853242168004,1.4756935616858946,setosa
5.980697802754206,3.6943975700020526,3.736765261388414,0.2652973594393142,virginica
6.569018283232984,2.4398204422224756,4.446997436868175,1.3716800961899676,virginica
5.782086980445024,3.205878057112354,5.876715411692563,0.7686881205270768,setosa
6.582321827907003,2.5161852386431045,5.13890623912781,1.3852993342965798,versicolor
4.490127447955127,2.85842044026317,6.9297736862673345,0.7183704217287417,virginica
6.210951252187612,3.3266851790902097,2.548978655667926,0.19755894966774057,versicolor
5.843523534119085,3.0192840057286388,5.008480955081017,0.28622878105841876,versicolor
5.650496324767066,2.6766765666212082,3.9750130086075277,1.124042473330691,virginica
5.845880388267751,2.7854088872220095,6.984704399826509,1.229861250860741,versicolor
4.806215542699554,3.2038793246804027,2.487552571967273,0.6478416874477958,virginica
5.690164056081244,2.780890010484859,2.440417236728836,1.419296229388687,versicolor
5.978556285755873,3.0649375768745926,2.8009110318339667,0.26923996886552015,virginica
6.538947022370758,3.0136715519711443,0.5141564135352898,1.0669601006763418,setosa
5.540864890863176,2.804519895718255,2.9113674674788586,0.49449190011877175,virginica
5.395753198553406,3.6431832267975977,2.5613010076694533,0.7740819460989206,virginica
5.549121478207732,3.1901757066954035,3.9255906797143116,1.123699335658207,virginica
6.257701058851037,2.392457224002718,4.2126339636657395,0.6697933173580239,virginica
5.964375554829842,3.055936294430828,6.5142562588238295,0.9077222278850874,versicolor
5.535119898116481,2.801464060569484,5.125635757279076,1.6031464046072204,setosa
6.056633716556678,3.2557300004388674,2.834644516506396,0.8115540652384257,virginica
5.84853877467402,2.76224377847019,2.3523779929774635,1.517846056032571,versicolor
6.284322495266444,2.9655790675599305,4.4378787572597584,0.535146572671191,setosa
5.448973453061324,3.151496183694137,1.719650189469037,1.3649020889576415,setosa
5.6361689267011155,3.259726558251036,6.447188148781531,1.8207843103289503,setosa
5.603945923433921,2.639911077883267,5.46916018108193,-0.13582225006364457,setosa
5.0682425259339405,2.8996496292477154,2.9962365218429428,0.7015523722647616,virginica
5.948060138532288,2.857516406651713,1.1302982063636842,1.3885360635902702,virginica
5.930527636089945,2.8040012302278865,5.73080856124812,0.9984773069785038,versicolor
5.80255672832123,3.5296362720843293,3.5281902321210734,1.2855729366856545,versicolor
5.682706433312426,3.1214945132882868,5.556724467960192,0.7980074066420898,versicolor
5.092314628974792,2.6217348136994865,1.3083585118084495,1.14329489373645,setosa
5.58967733861732,3.2753585841164328,2.8009374655693406,1.0221613823039604,setosa
5.628642741736615,3.6366468591037897,3.7078655495772748,1.6838910308299038,virginica
5.39886136538919,3.309739578165344,3.7704708906471134,1.2272104216506066,setosa
5.719357144166995,2.544189010213796,3.024901792781135,1.2688013310376012,setosa
6.002025428407269,2.8547297781401246,4.634274898521248,0.8940615169387665,setosa
6.743092950605265,3.3800733447559868,2.0985693559261085,0.8561968879637534,versicolor
5.887288906415919,2.7876991603143657,3.48643077246806,0.8837209060901896,versicolor
5.928775195361382,3.1331458284438685,3.8804434475678486,1.2972260711891486,virginica
5.762777042116916,3.232390216028801,4.471658251088124,0.8895077595898686,setosa
4.840614392350479,2.721920858526575,4.7674223171333345,1.2448874284482065,setosa
5.7867430622753915,2.98214239318146,2.0130368622431964,2.1377003993227195,virginica
5.830115104970513,2.0276197979792783,1.3988287438965665,1.5355623517158463,setosa
7.031621056242643,2.692683707599713,5.616515232847764,0.9369882339160795,setosa
5.703819517609438,2.924229554582052,4.198471017969387,1.7006069610819725,versicolor
5.9507736711668064,2.6256650454105452,2.5772701951651698,0.8959623134892244,virginica
5.782644115147378,3.4897233911794907,6.0267279632837845,0.08093773241107316,virginica
5.215660981190234,2.57095758661181,3.873511951439288,0.595956844541298,virginica
6.37141140725751,2.8679866539909047,5.46894577609574,0.16460403948707225,virginica
6.175966516343387,3.0392221731858275,3.8012777221151635,0.9242432579793458,versicolor
6.195515973521523,3.4323819867198346,6.791121887322981,1.109209189594776,versicolor
5.34530627260263,2.5692413546461683,6.333011263664806,1.9382186561376415,setosa
6.50139715546805,3.348949125646488,3.32655377728139,1.2634636868820814,setosa
5.09907446860386,3.003069918305876,5.157356426431534,0.9904497355955679,setosa
6.093428546900135,2.705547404685615,4.668063924377721,1.5147027905917447,setosa
6.895227812904989,3.1386310422789814,5.752947336298523,-0.005567654503942476,versicolor
5.304731837434655,3.059717908672041,2.2526148091298435,1.217807279054283,virginica
5.516851135198614,2.8199349368523614,4.729077189997659,1.4854325969434834,versicolor
5.849825682543821,3.0209406254970057,5.287636730274382,0.3607068771100793,setosa
5.5482621729419,2.884405920941472,1.0618907703653289,1.6718770216034646,versicolor
5.024668284466934,3.0340552035753743,1.9251122310013375,1.2692482037472073,virginica
5.834281487403014,3.198639202356314,0.6411517333598491,0.8923560430495995,virginica
5.268848143136948,3.4758050448436055,3.2958897483331633,1.4163909330531426,versicolor
6.03679621531759,2.6286553503519454,4.776313383693944,2.235346428902198,versicolor
5.340287882883098,3.63991001239688,5.953535578144042,1.1909331275292476,versicolor
6.57496720250877,2.4143736601432497,3.811142170629663,1.2241102931501682,setosa
5.408373353831881,2.954464471489325,6.142923318356938,0.8703195502298781,versicolor
5.638969241897162,3.1764951619453727,1.6298478126776632,0.6750778152676042,versicolor
6.206758608684835,3.08429756032051,1.144926340967268,1.5151679082721228,versicolor
5.184567841783022,2.813190144053822,3.616678451655072,0.6719580870455665,virginica
5.913729967302064,2.9375633248928175,4.276098173408961,1.1357831186096963,virginica
6.4535713771412135,2.85209971960235,3.6509578778588607,0.8611712766174417,setosa
4.996258382719386,2.8231905729167366,0.5988368499401853,1.339489912873196,setosa
5.892316929266152,3.2548806291063075,3.5663199407308177,1.2668310526434743,virginica
5.929941397124211,3.1071046457895144,1.7432957492427203,1.6187699721289497,virginica
6.190911435888655,2.792127121421804,4.704508823245058,0.8449918005726266,virginica
5.181524644560959,3.2698799626299753,4.249897369145272,0.9650625323533144,versicolor
5.1397716934578614,3.0921898562629826,2.2901803205089672,0.6106181421088464,versicolor
6.0609707828084485,3.243858635651688,2.92919962399496,0.8778533699619443,virginica
5.948492336616593,3.188888652577084,2.1111797171665727,1.288650246522426,versicolor
